[{"model": "app_yemconsulting.produit", "pk": 1, "fields": {"nom": "Pc de bureau", "description": "Ordinateur de bureau performant, idÚal pour les tÔches professionnelles nÚcessitant une grande capacitÚ de calcul.", "prix": "1200.00", "stock": 0, "categorie": 1}}, {"model": "app_yemconsulting.produit", "pk": 2, "fields": {"nom": "Stations de travail (workstations)", "description": "Station de travail dÚdiÚe aux professionnels du graphisme, de l'Údition vidÚo et de la modÚlisation 3D.", "prix": "2500.00", "stock": 3, "categorie": 1}}, {"model": "app_yemconsulting.produit", "pk": 3, "fields": {"nom": "Ordinateurs portables professionnels", "description": "Ultrabook lÚger et performant, idÚal pour les dÚplacements frÚquents avec une grande autonomie.", "prix": "1500.00", "stock": 0, "categorie": 1}}, {"model": "app_yemconsulting.produit", "pk": 4, "fields": {"nom": "Ultrabooks", "description": "Ordinateur ultra-fin, conþu pour les professionnels en dÚplacement, offrant une autonomie exceptionnelle et une performance solide.", "prix": "1800.00", "stock": 0, "categorie": 1}}, {"model": "app_yemconsulting.produit", "pk": 5, "fields": {"nom": "Processeurs (AMD)", "description": "Processeur Intel Core i7 de 10Þme gÚnÚration avec 8 c£urs, idÚal pour les stations de travail ou les PC de bureau.", "prix": "350.00", "stock": 0, "categorie": 2}}, {"model": "app_yemconsulting.produit", "pk": 6, "fields": {"nom": "Cartes graphiques (GPU)", "description": "Carte graphique NVIDIA GeForce RTX 3080, parfaite pour les jeux, le rendu 3D et l'intelligence artificielle.", "prix": "900.00", "stock": 0, "categorie": 2}}, {"model": "app_yemconsulting.produit", "pk": 7, "fields": {"nom": "Cartes mÞres", "description": "Carte mÞre compatible avec les processeurs Intel de 10Þme gÚnÚration, avec support pour la RAM DDR4 et plusieurs emplacements PCIe.", "prix": "180.00", "stock": 5, "categorie": 2}}, {"model": "app_yemconsulting.produit", "pk": 8, "fields": {"nom": "Barrettes de mÚmoire (RAM)", "description": "Kit de RAM DDR4 16 Go (2x8 Go), optimisÚ pour les stations de travail et les PC gaming.", "prix": "120.00", "stock": 41, "categorie": 2}}, {"model": "app_yemconsulting.produit", "pk": 9, "fields": {"nom": "Disques durs (HDD), SSD, NVMe", "description": "SSD NVMe de 1 To pour des vitesses de lecture et d'Úcriture ultra-rapides, idÚal pour les professionnels travaillant avec de grands volumes de donnÚes.", "prix": "150.00", "stock": 40, "categorie": 2}}, {"model": "app_yemconsulting.produit", "pk": 10, "fields": {"nom": "Alimentation (PSU)", "description": "Alimentation modulaire de 750W certifiÚe 80+ Gold, parfaite pour les configurations gourmandes en Únergie.", "prix": "130.00", "stock": 13, "categorie": 2}}, {"model": "app_yemconsulting.produit", "pk": 11, "fields": {"nom": "Bo¯tiers d'ordinateurs", "description": "Bo¯tier ATX moyen tour avec panneau en verre trempÚ, parfait pour les configurations de PC personnalisÚes.", "prix": "100.00", "stock": 32, "categorie": 2}}, {"model": "app_yemconsulting.produit", "pk": 12, "fields": {"nom": "Claviers mÚcaniques", "description": "Clavier mÚcanique rÚtroÚclairÚ, idÚal pour les gamers et les professionnels cherchant un retour tactile prÚcis.", "prix": "90.00", "stock": 40, "categorie": 3}}, {"model": "app_yemconsulting.produit", "pk": 13, "fields": {"nom": "Souris ergonomiques", "description": "Souris ergonomique sans fil, conþue pour rÚduire la fatigue des poignets lors des longues sessions de travail.", "prix": "50.00", "stock": 39, "categorie": 3}}, {"model": "app_yemconsulting.produit", "pk": 14, "fields": {"nom": "╔crans professionnels (moniteurs 4K, 144Hz)", "description": "╔cran 4K de 27 pouces avec une frÚquence de rafra¯chissement de 144Hz, parfait pour les crÚateurs de contenu et les gamers.", "prix": "600.00", "stock": 17, "categorie": 3}}, {"model": "app_yemconsulting.produit", "pk": 15, "fields": {"nom": "Stations d'accueil (dock stations)", "description": "Station d'accueil USB-C multiport pour connecter plusieurs pÚriphÚriques Ó un ordinateur portable.", "prix": "120.00", "stock": 31, "categorie": 3}}, {"model": "app_yemconsulting.produit", "pk": 16, "fields": {"nom": "Casques audio et micros", "description": "Casque audio sans fil avec micro intÚgrÚ, parfait pour les confÚrences et les sessions de gaming.", "prix": "150.00", "stock": 14, "categorie": 3}}, {"model": "app_yemconsulting.produit", "pk": 17, "fields": {"nom": "Routeurs et commutateurs (switch)", "description": "Routeur Wi-Fi 6 avec 8 ports Gigabit Ethernet et capacitÚ de gestion rÚseau avancÚe.", "prix": "250.00", "stock": 15, "categorie": 4}}, {"model": "app_yemconsulting.produit", "pk": 18, "fields": {"nom": "Firewalls", "description": "Firewall matÚriel avec protection avancÚe contre les menaces, idÚal pour les entreprises de taille moyenne.", "prix": "400.00", "stock": 10, "categorie": 4}}, {"model": "app_yemconsulting.produit", "pk": 19, "fields": {"nom": "Points d'accÞs Wi-Fi (Access Points)", "description": "Point d'accÞs Wi-Fi 6, conþu pour les environnements professionnels offrant une couverture sans fil optimisÚe.", "prix": "200.00", "stock": 19, "categorie": 4}}, {"model": "app_yemconsulting.produit", "pk": 20, "fields": {"nom": "NAS (Network Attached Storage)", "description": "NAS avec 4 baies pour disques durs, conþu pour le stockage centralisÚ et les sauvegardes en rÚseau.", "prix": "600.00", "stock": 12, "categorie": 5}}, {"model": "app_yemconsulting.produit", "pk": 21, "fields": {"nom": "Disques durs externes", "description": "Disque dur externe de 2 To, idÚal pour les sauvegardes et le transport de donnÚes sensibles.", "prix": "120.00", "stock": 30, "categorie": 5}}, {"model": "app_yemconsulting.produit", "pk": 22, "fields": {"nom": "Imprimantes laser", "description": "Imprimante laser monochrome avec une capacitÚ de 250 feuilles, idÚale pour les bureaux.", "prix": "350.00", "stock": 12, "categorie": 6}}, {"model": "app_yemconsulting.produit", "pk": 23, "fields": {"nom": "Scanners professionnels", "description": "Scanner professionnel haute rÚsolution, capable de traiter 50 pages par minute.", "prix": "450.00", "stock": 2, "categorie": 6}}, {"model": "app_yemconsulting.produit", "pk": 24, "fields": {"nom": "SystÞmes d'exploitation (Windows)", "description": "Licence pour Windows 11 Pro, idÚale pour les entreprises et les utilisateurs professionnels.", "prix": "150.00", "stock": 90, "categorie": 7}}, {"model": "app_yemconsulting.produit", "pk": 25, "fields": {"nom": "Logiciels de gestion (ERP)", "description": "Solution ERP complÞte pour la gestion d'entreprise, incluant la gestion des stocks, des ventes et des achats.", "prix": "2000.00", "stock": 4, "categorie": 7}}, {"model": "app_yemconsulting.produit", "pk": 26, "fields": {"nom": "Serveurs rackables", "description": "Serveur rackable 2U avec processeur Xeon, idÚal pour les environnements de data center.", "prix": "3000.00", "stock": 0, "categorie": 8}}, {"model": "app_yemconsulting.produit", "pk": 27, "fields": {"nom": "Onduleurs (UPS)", "description": "Onduleur de 1500 VA avec une autonomie de 30 minutes, conþu pour protÚger les Úquipements critiques des coupures de courant.", "prix": "500.00", "stock": 0, "categorie": 8}}, {"model": "app_yemconsulting.produit", "pk": 28, "fields": {"nom": "clavier super sonic", "description": "clavier ruina", "prix": "100.00", "stock": 0, "categorie": 3}}, {"model": "app_yemconsulting.produit", "pk": 29, "fields": {"nom": "ecran digital", "description": "bon ecran", "prix": "50.00", "stock": 0, "categorie": 1}}, {"model": "app_yemconsulting.produit", "pk": 30, "fields": {"nom": "souris avec fil", "description": "souris avec fil", "prix": "10.00", "stock": 0, "categorie": 3}}, {"model": "app_yemconsulting.categorie", "pk": 1, "fields": {"nom": "Ordinateurs et portables"}}, {"model": "app_yemconsulting.categorie", "pk": 2, "fields": {"nom": "Composants informatiques"}}, {"model": "app_yemconsulting.categorie", "pk": 3, "fields": {"nom": "PÚriphÚriques et accessoires"}}, {"model": "app_yemconsulting.categorie", "pk": 4, "fields": {"nom": "MatÚriel rÚseau"}}, {"model": "app_yemconsulting.categorie", "pk": 5, "fields": {"nom": "Solutions de stockage"}}, {"model": "app_yemconsulting.categorie", "pk": 6, "fields": {"nom": "Imprimantes et scanners"}}, {"model": "app_yemconsulting.categorie", "pk": 7, "fields": {"nom": "Logiciels et licences"}}, {"model": "app_yemconsulting.categorie", "pk": 8, "fields": {"nom": "Serveurs et Úquipements de data center"}}, {"model": "app_yemconsulting.utilisateur", "pk": 1, "fields": {"password": "pbkdf2_sha256$870000$2kLaBlYdwcjNHcf80MEsfg$TIjjoozpP9AirCm1yAdcObFjDVBwt1Z6y3ufujMNhiw=", "last_login": "2024-10-28T11:25:03.416Z", "is_superuser": true, "nom": "abdelmoula", "email": "abdelmoula.elamri@gmail.com", "adresse": "", "date_inscription": "2024-09-25T21:30:32.607Z", "is_active": true, "is_admin": true, "groups": [], "user_permissions": []}}, {"model": "app_yemconsulting.utilisateur", "pk": 2, "fields": {"password": "pbkdf2_sha256$870000$jnxhLb65KuMFXlp8EJUM7k$q7kTa2skCvBeBoVNjIkyQstRJUfv2Xi8hbkPHJUbHg0=", "last_login": "2024-10-22T13:01:09.683Z", "is_superuser": false, "nom": "abdel", "email": "abdel_du1030@hotmail.com", "adresse": "avenue du port 38", "date_inscription": "2024-10-22T13:01:09.658Z", "is_active": true, "is_admin": false, "groups": [], "user_permissions": []}}, {"model": "app_yemconsulting.panier", "pk": 24, "fields": {"utilisateur": 1, "date_creation": "2024-10-29T09:14:53.279Z"}}, {"model": "app_yemconsulting.lignepanier", "pk": 71, "fields": {"panier": 24, "produit": 23, "quantite": 4}}, {"model": "app_yemconsulting.lignepanier", "pk": 72, "fields": {"panier": 24, "produit": 24, "quantite": 2}}, {"model": "app_yemconsulting.lignepanier", "pk": 73, "fields": {"panier": 24, "produit": 25, "quantite": 1}}]
